URL,schema blocks,types found,expected type,correct type,errors
/,4,"BreadcrumbList;ListItem;LocalBusiness,ProfessionalService;WebSite;Service",Organization/LocalBusiness + WebSite,YES,priceRange present | smart/non-ascii chars: — | '&' in text (want 'and') | no WebPage-type node | WebSite lacks @id
/who-we-are,4,"BreadcrumbList;ListItem;LocalBusiness,ProfessionalService;WebSite;Service",AboutPage,NO,priceRange present | smart/non-ascii chars: — | '&' in text (want 'and') | no WebPage-type node | WebSite lacks @id
/our-story,4,"BreadcrumbList;ListItem;LocalBusiness,ProfessionalService;WebSite;Service",AboutPage,NO,priceRange present | smart/non-ascii chars: — | '&' in text (want 'and') | no WebPage-type node | WebSite lacks @id
/portfolio,4,"BreadcrumbList;ListItem;LocalBusiness,ProfessionalService;WebSite;Service",WebPage (generic),NO,priceRange present | smart/non-ascii chars: — | '&' in text (want 'and') | no WebPage-type node | WebSite lacks @id
/contact,4,"BreadcrumbList;ListItem;LocalBusiness,ProfessionalService;WebSite;Service",ContactPage,NO,priceRange present | smart/non-ascii chars: — | '&' in text (want 'and') | no WebPage-type node | WebSite lacks @id
/careers,4,"BreadcrumbList;ListItem;LocalBusiness,ProfessionalService;WebSite;Service",WebPage (generic),NO,priceRange present | smart/non-ascii chars: — | '&' in text (want 'and') | no WebPage-type node | WebSite lacks @id
/testimonials,5,"BreadcrumbList;ListItem;LocalBusiness;LocalBusiness,ProfessionalService;WebSite;Service",WebPage (generic),NO,priceRange present | smart/non-ascii chars: — | '&' in text (want 'and') | no WebPage-type node | WebSite lacks @id
/blog,5,"BreadcrumbList;ListItem;CollectionPage;LocalBusiness,ProfessionalService;WebSite;Service",CollectionPage/Blog,YES,smart/non-ascii chars: — | priceRange present | '&' in text (want 'and') | WebSite lacks @id
/blog/web-design,5,"BreadcrumbList;ListItem;CollectionPage;LocalBusiness,ProfessionalService;WebSite;Service",CollectionPage/Blog,YES,smart/non-ascii chars: — | priceRange present | '&' in text (want 'and') | WebSite lacks @id
/blog/seo,5,"BreadcrumbList;ListItem;CollectionPage;LocalBusiness,ProfessionalService;WebSite;Service",CollectionPage/Blog,YES,smart/non-ascii chars: — | '&' in text (want 'and') | priceRange present | WebSite lacks @id
/blog/digital-marketing,5,"BreadcrumbList;ListItem;CollectionPage;LocalBusiness,ProfessionalService;WebSite;Service",CollectionPage/Blog,YES,smart/non-ascii chars: — | priceRange present | '&' in text (want 'and') | WebSite lacks @id
/faq,5,"BreadcrumbList;ListItem;FAQPage;Question;LocalBusiness,ProfessionalService;WebSite;Service",WebPage (generic),NO,smart/non-ascii chars: — | smart/non-ascii chars: – | priceRange present | '&' in text (want 'and') | no WebPage-type node | WebSite lacks @id
/maintenance,5,"BreadcrumbList;ListItem;FAQPage;Question;LocalBusiness,ProfessionalService;WebSite;Service",WebPage (generic),NO,smart/non-ascii chars: — | priceRange present | '&' in text (want 'and') | no WebPage-type node | WebSite lacks @id
/web-design-company,5,"BreadcrumbList;ListItem;FAQPage;Question;LocalBusiness,ProfessionalService;WebSite;Service",WebPage (generic),NO,smart/non-ascii chars: — | smart/non-ascii chars: –— | priceRange present | '&' in text (want 'and') | no WebPage-type node | WebSite lacks @id
/web-design-agency,5,"BreadcrumbList;ListItem;FAQPage;Question;LocalBusiness,ProfessionalService;WebSite;Service",WebPage (generic),NO,smart/non-ascii chars: — | priceRange present | '&' in text (want 'and') | no WebPage-type node | WebSite lacks @id
/web-designers-near-me,5,"BreadcrumbList;ListItem;FAQPage;Question;LocalBusiness,ProfessionalService;WebSite;Service",WebPage (generic),NO,smart/non-ascii chars: — | smart/non-ascii chars: –— | priceRange present | '&' in text (want 'and') | no WebPage-type node | WebSite lacks @id
/mobile-web-design-in-toronto,5,"BreadcrumbList;ListItem;FAQPage;Question;LocalBusiness,ProfessionalService;WebSite;Service",WebPage (generic),NO,smart/non-ascii chars: — | priceRange present | '&' in text (want 'and') | no WebPage-type node | WebSite lacks @id
/ecommerce-website-design-toronto,5,"FAQPage;Question;BreadcrumbList;ListItem;LocalBusiness,ProfessionalService;WebSite;Service",WebPage (generic),NO,smart/non-ascii chars: – | smart/non-ascii chars: — | priceRange present | '&' in text (want 'and') | no WebPage-type node | WebSite lacks @id
/seo,4,"BreadcrumbList;ListItem;LocalBusiness,ProfessionalService;WebSite;Service",LocalBusiness/Service,YES,priceRange present | smart/non-ascii chars: — | '&' in text (want 'and') | no WebPage-type node | WebSite lacks @id
/sitemap,4,"BreadcrumbList;ListItem;LocalBusiness,ProfessionalService;WebSite;Service",WebPage (generic),NO,priceRange present | smart/non-ascii chars: — | '&' in text (want 'and') | no WebPage-type node | WebSite lacks @id
/services/web-design-development,6,"FAQPage;Question;BreadcrumbList;ListItem;Service;LocalBusiness,ProfessionalService;WebSite",Service,YES,smart/non-ascii chars: — | smart/non-ascii chars: – | '&' in text (want 'and') | priceRange present | no WebPage-type node | WebSite lacks @id
/services/graphic-design,6,"FAQPage;Question;BreadcrumbList;ListItem;Service;LocalBusiness,ProfessionalService;WebSite",Service,YES,smart/non-ascii chars: — | smart/non-ascii chars: –— | priceRange present | '&' in text (want 'and') | no WebPage-type node | WebSite lacks @id
/services/seo,6,"FAQPage;Question;BreadcrumbList;ListItem;Service;LocalBusiness,ProfessionalService;WebSite",Service,YES,smart/non-ascii chars: – | smart/non-ascii chars: — | priceRange present | '&' in text (want 'and') | no WebPage-type node | WebSite lacks @id
/services/social-media-optimization,6,"FAQPage;Question;BreadcrumbList;ListItem;Service;LocalBusiness,ProfessionalService;WebSite",Service,YES,smart/non-ascii chars: — | smart/non-ascii chars: – | priceRange present | '&' in text (want 'and') | no WebPage-type node | WebSite lacks @id
/services/website-maintenance,6,"FAQPage;Question;BreadcrumbList;ListItem;Service;LocalBusiness,ProfessionalService;WebSite",Service,YES,smart/non-ascii chars: — | priceRange present | '&' in text (want 'and') | no WebPage-type node | WebSite lacks @id
/services/ai-consultation,6,"FAQPage;Question;BreadcrumbList;ListItem;Service;LocalBusiness,ProfessionalService;WebSite",Service,YES,smart/non-ascii chars: — | smart/non-ascii chars: – | priceRange present | '&' in text (want 'and') | no WebPage-type node | WebSite lacks @id
/services/google-ads-management,6,"BreadcrumbList;ListItem;FAQPage;Question;Service;LocalBusiness,ProfessionalService;WebSite",Service,YES,smart/non-ascii chars: — | smart/non-ascii chars: –— | smart/non-ascii chars: – | priceRange present | '&' in text (want 'and') | no WebPage-type node | WebSite lacks @id
/services/wordpress-website-design,6,"BreadcrumbList;ListItem;FAQPage;Question;Service;LocalBusiness,ProfessionalService;WebSite",Service,YES,smart/non-ascii chars: — | smart/non-ascii chars: –— | '&' in text (want 'and') | priceRange present | no WebPage-type node | WebSite lacks @id
/services/shopify-website-design,6,"BreadcrumbList;ListItem;FAQPage;Question;Service;LocalBusiness,ProfessionalService;WebSite",Service,YES,smart/non-ascii chars: — | '&' in text (want 'and') | priceRange present | no WebPage-type node | WebSite lacks @id
/services/wix-website-design,6,"BreadcrumbList;ListItem;FAQPage;Question;Service;LocalBusiness,ProfessionalService;WebSite",Service,YES,smart/non-ascii chars: — | smart/non-ascii chars: –— | '&' in text (want 'and') | priceRange present | no WebPage-type node | WebSite lacks @id
/locations/calgary,6,"BreadcrumbList;ListItem;FAQPage;Question;LocalBusiness,ProfessionalService;WebSite;Service",LocalBusiness,YES,smart/non-ascii chars: — | smart/non-ascii chars: –— | priceRange present | '&' in text (want 'and') | no WebPage-type node | WebSite lacks @id
/locations/vancouver,6,"BreadcrumbList;ListItem;FAQPage;Question;LocalBusiness,ProfessionalService;WebSite;Service",LocalBusiness,YES,smart/non-ascii chars: – | smart/non-ascii chars: — | priceRange present | '&' in text (want 'and') | no WebPage-type node | WebSite lacks @id
/locations/montreal,6,"BreadcrumbList;ListItem;FAQPage;Question;LocalBusiness,ProfessionalService;WebSite;Service",LocalBusiness,YES,smart/non-ascii chars: — | priceRange present | '&' in text (want 'and') | no WebPage-type node | WebSite lacks @id
/locations/edmonton,6,"BreadcrumbList;ListItem;FAQPage;Question;LocalBusiness,ProfessionalService;WebSite;Service",LocalBusiness,YES,smart/non-ascii chars: –— | smart/non-ascii chars: — | priceRange present | '&' in text (want 'and') | no WebPage-type node | WebSite lacks @id
/locations/toronto,6,"BreadcrumbList;ListItem;FAQPage;Question;LocalBusiness,ProfessionalService;WebSite;Service",LocalBusiness,YES,smart/non-ascii chars: – | smart/non-ascii chars: — | priceRange present | '&' in text (want 'and') | no WebPage-type node | WebSite lacks @id
/locations/mississauga,6,"BreadcrumbList;ListItem;FAQPage;Question;LocalBusiness,ProfessionalService;WebSite;Service",LocalBusiness,YES,smart/non-ascii chars: –— | smart/non-ascii chars: — | priceRange present | '&' in text (want 'and') | no WebPage-type node | WebSite lacks @id
/locations/ottawa,6,"BreadcrumbList;ListItem;FAQPage;Question;LocalBusiness,ProfessionalService;WebSite;Service",LocalBusiness,YES,smart/non-ascii chars: — | smart/non-ascii chars: –— | priceRange present | '&' in text (want 'and') | no WebPage-type node | WebSite lacks @id
/locations/north-york,6,"BreadcrumbList;ListItem;FAQPage;Question;LocalBusiness,ProfessionalService;WebSite;Service",LocalBusiness,YES,smart/non-ascii chars: — | smart/non-ascii chars: –— | priceRange present | '&' in text (want 'and') | no WebPage-type node | WebSite lacks @id
/locations/richmond-hill,6,"BreadcrumbList;ListItem;FAQPage;Question;LocalBusiness,ProfessionalService;WebSite;Service",LocalBusiness,YES,smart/non-ascii chars: – | smart/non-ascii chars: — | priceRange present | '&' in text (want 'and') | no WebPage-type node | WebSite lacks @id
/locations/brampton,6,"BreadcrumbList;ListItem;FAQPage;Question;LocalBusiness,ProfessionalService;WebSite;Service",LocalBusiness,YES,smart/non-ascii chars: — | priceRange present | '&' in text (want 'and') | no WebPage-type node | WebSite lacks @id
/locations/kitchener,6,"BreadcrumbList;ListItem;FAQPage;Question;LocalBusiness,ProfessionalService;WebSite;Service",LocalBusiness,YES,smart/non-ascii chars: — | priceRange present | '&' in text (want 'and') | no WebPage-type node | WebSite lacks @id
/locations/halifax,6,"BreadcrumbList;ListItem;FAQPage;Question;LocalBusiness,ProfessionalService;WebSite;Service",LocalBusiness,YES,smart/non-ascii chars: – | smart/non-ascii chars: — | priceRange present | '&' in text (want 'and') | no WebPage-type node | WebSite lacks @id
/locations/surrey,6,"BreadcrumbList;ListItem;FAQPage;Question;LocalBusiness,ProfessionalService;WebSite;Service",LocalBusiness,YES,smart/non-ascii chars: –— | smart/non-ascii chars: — | priceRange present | '&' in text (want 'and') | no WebPage-type node | WebSite lacks @id
/locations/london,6,"BreadcrumbList;ListItem;FAQPage;Question;LocalBusiness,ProfessionalService;WebSite;Service",LocalBusiness,YES,smart/non-ascii chars: — | priceRange present | '&' in text (want 'and') | no WebPage-type node | WebSite lacks @id
/locations/victoria,6,"BreadcrumbList;ListItem;FAQPage;Question;LocalBusiness,ProfessionalService;WebSite;Service",LocalBusiness,YES,smart/non-ascii chars: –— | smart/non-ascii chars: — | priceRange present | '&' in text (want 'and') | no WebPage-type node | WebSite lacks @id
/locations/windsor,6,"BreadcrumbList;ListItem;FAQPage;Question;LocalBusiness,ProfessionalService;WebSite;Service",LocalBusiness,YES,smart/non-ascii chars: — | smart/non-ascii chars: –— | priceRange present | '&' in text (want 'and') | no WebPage-type node | WebSite lacks @id
/locations/oshawa,6,"BreadcrumbList;ListItem;FAQPage;Question;LocalBusiness,ProfessionalService;WebSite;Service",LocalBusiness,YES,smart/non-ascii chars: –— | smart/non-ascii chars: — | priceRange present | '&' in text (want 'and') | no WebPage-type node | WebSite lacks @id
/locations/vaughan,6,"BreadcrumbList;ListItem;FAQPage;Question;LocalBusiness,ProfessionalService;WebSite;Service",LocalBusiness,YES,smart/non-ascii chars: — | smart/non-ascii chars: – | priceRange present | '&' in text (want 'and') | no WebPage-type node | WebSite lacks @id
/locations/burnaby,6,"BreadcrumbList;ListItem;FAQPage;Question;LocalBusiness,ProfessionalService;WebSite;Service",LocalBusiness,YES,smart/non-ascii chars: — | smart/non-ascii chars: – | priceRange present | '&' in text (want 'and') | no WebPage-type node | WebSite lacks @id
/locations/ladner,6,"BreadcrumbList;ListItem;FAQPage;Question;LocalBusiness,ProfessionalService;WebSite;Service",LocalBusiness,YES,smart/non-ascii chars: — | priceRange present | '&' in text (want 'and') | no WebPage-type node | WebSite lacks @id
/locations/saskatoon,6,"BreadcrumbList;ListItem;FAQPage;Question;LocalBusiness,ProfessionalService;WebSite;Service",LocalBusiness,YES,smart/non-ascii chars: — | smart/non-ascii chars: –— | priceRange present | '&' in text (want 'and') | no WebPage-type node | WebSite lacks @id
/locations/barrie,6,"BreadcrumbList;ListItem;FAQPage;Question;LocalBusiness,ProfessionalService;WebSite;Service",LocalBusiness,YES,smart/non-ascii chars: –— | smart/non-ascii chars: — | priceRange present | '&' in text (want 'and') | no WebPage-type node | WebSite lacks @id
/locations/winnipeg,6,"BreadcrumbList;ListItem;FAQPage;Question;LocalBusiness,ProfessionalService;WebSite;Service",LocalBusiness,YES,smart/non-ascii chars: –— | smart/non-ascii chars: — | smart/non-ascii chars: – | priceRange present | '&' in text (want 'and') | no WebPage-type node | WebSite lacks @id
/locations/hamilton,6,"BreadcrumbList;ListItem;FAQPage;Question;LocalBusiness,ProfessionalService;WebSite;Service",LocalBusiness,YES,smart/non-ascii chars: — | priceRange present | '&' in text (want 'and') | no WebPage-type node | WebSite lacks @id
/seo/toronto,6,"BreadcrumbList;ListItem;FAQPage;Question;Service;LocalBusiness,ProfessionalService;WebSite",LocalBusiness/Service,YES,smart/non-ascii chars: –— | smart/non-ascii chars: — | priceRange present | '&' in text (want 'and') | no WebPage-type node | WebSite lacks @id
/seo/burnaby,6,"BreadcrumbList;ListItem;FAQPage;Question;LocalBusiness,ProfessionalService;WebSite;Service",LocalBusiness/Service,YES,smart/non-ascii chars: –— | smart/non-ascii chars: — | priceRange present | '&' in text (want 'and') | no WebPage-type node | WebSite lacks @id
/seo/victoria,6,"BreadcrumbList;ListItem;FAQPage;Question;Service;LocalBusiness,ProfessionalService;WebSite",LocalBusiness/Service,YES,smart/non-ascii chars: – | smart/non-ascii chars: — | priceRange present | '&' in text (want 'and') | no WebPage-type node | WebSite lacks @id
/seo/surrey,6,"BreadcrumbList;ListItem;FAQPage;Question;LocalBusiness,ProfessionalService;WebSite;Service",LocalBusiness/Service,YES,smart/non-ascii chars: –— | smart/non-ascii chars: — | smart/non-ascii chars: – | priceRange present | '&' in text (want 'and') | no WebPage-type node | WebSite lacks @id
/seo/halifax,6,"BreadcrumbList;ListItem;FAQPage;Question;LocalBusiness,ProfessionalService;WebSite;Service",LocalBusiness/Service,YES,smart/non-ascii chars: –— | smart/non-ascii chars: — | smart/non-ascii chars: – | priceRange present | '&' in text (want 'and') | no WebPage-type node | WebSite lacks @id
/seo/oshawa,6,"BreadcrumbList;ListItem;FAQPage;Question;LocalBusiness,ProfessionalService;WebSite;Service",LocalBusiness/Service,YES,smart/non-ascii chars: –— | smart/non-ascii chars: — | smart/non-ascii chars: – | priceRange present | '&' in text (want 'and') | no WebPage-type node | WebSite lacks @id
/seo/barrie,6,"BreadcrumbList;ListItem;FAQPage;Question;LocalBusiness,ProfessionalService;WebSite;Service",LocalBusiness/Service,YES,smart/non-ascii chars: — | smart/non-ascii chars: –— | priceRange present | '&' in text (want 'and') | no WebPage-type node | WebSite lacks @id
/seo/vaughan,6,"BreadcrumbList;ListItem;FAQPage;Question;LocalBusiness,ProfessionalService;WebSite;Service",LocalBusiness/Service,YES,smart/non-ascii chars: — | smart/non-ascii chars: – | smart/non-ascii chars: –— | priceRange present | '&' in text (want 'and') | no WebPage-type node | WebSite lacks @id
/seo/kitchener,6,"BreadcrumbList;ListItem;FAQPage;Question;LocalBusiness,ProfessionalService;WebSite;Service",LocalBusiness/Service,YES,smart/non-ascii chars: — | smart/non-ascii chars: – | priceRange present | '&' in text (want 'and') | no WebPage-type node | WebSite lacks @id
/seo/saskatoon,6,"BreadcrumbList;ListItem;FAQPage;Question;LocalBusiness,ProfessionalService;WebSite;Service",LocalBusiness/Service,YES,smart/non-ascii chars: –— | smart/non-ascii chars: — | smart/non-ascii chars: – | priceRange present | '&' in text (want 'and') | no WebPage-type node | WebSite lacks @id
/seo/montreal,6,"BreadcrumbList;ListItem;FAQPage;Question;LocalBusiness,ProfessionalService;WebSite;Service",LocalBusiness/Service,YES,non-ascii: é | smart/non-ascii chars: — | smart/non-ascii chars: – | smart/non-ascii chars: –— | priceRange present | '&' in text (want 'and') | no WebPage-type node | WebSite lacks @id
/seo/ladner,6,"BreadcrumbList;ListItem;FAQPage;Question;LocalBusiness,ProfessionalService;WebSite;Service",LocalBusiness/Service,YES,smart/non-ascii chars: –— | smart/non-ascii chars: — | priceRange present | '&' in text (want 'and') | no WebPage-type node | WebSite lacks @id
/seo/brampton,6,"BreadcrumbList;ListItem;FAQPage;Question;LocalBusiness,ProfessionalService;WebSite;Service",LocalBusiness/Service,YES,smart/non-ascii chars: –— | smart/non-ascii chars: — | priceRange present | '&' in text (want 'and') | no WebPage-type node | WebSite lacks @id
/seo/mississauga,6,"BreadcrumbList;ListItem;FAQPage;Question;LocalBusiness,ProfessionalService;WebSite;Service",LocalBusiness/Service,YES,smart/non-ascii chars: –— | smart/non-ascii chars: — | priceRange present | '&' in text (want 'and') | no WebPage-type node | WebSite lacks @id
/seo/north-york,6,"BreadcrumbList;ListItem;FAQPage;Question;LocalBusiness,ProfessionalService;WebSite;Service",LocalBusiness/Service,YES,smart/non-ascii chars: –— | smart/non-ascii chars: — | '&' in text (want 'and') | priceRange present | no WebPage-type node | WebSite lacks @id
/seo/calgary,6,"BreadcrumbList;ListItem;FAQPage;Question;LocalBusiness,ProfessionalService;WebSite;Service",LocalBusiness/Service,YES,smart/non-ascii chars: — | smart/non-ascii chars: – | priceRange present | '&' in text (want 'and') | no WebPage-type node | WebSite lacks @id
/seo/vancouver,6,"BreadcrumbList;ListItem;FAQPage;Question;LocalBusiness,ProfessionalService;WebSite;Service",LocalBusiness/Service,YES,smart/non-ascii chars: –— | smart/non-ascii chars: – | smart/non-ascii chars: — | priceRange present | '&' in text (want 'and') | no WebPage-type node | WebSite lacks @id
/seo/ottawa,6,"BreadcrumbList;ListItem;FAQPage;Question;LocalBusiness,ProfessionalService;WebSite;Service",LocalBusiness/Service,YES,smart/non-ascii chars: — | priceRange present | '&' in text (want 'and') | no WebPage-type node | WebSite lacks @id
/seo/edmonton,6,"BreadcrumbList;ListItem;FAQPage;Question;LocalBusiness,ProfessionalService;WebSite;Service",LocalBusiness/Service,YES,smart/non-ascii chars: — | smart/non-ascii chars: –— | '&' in text (want 'and') | priceRange present | no WebPage-type node | WebSite lacks @id
/seo/london,6,"BreadcrumbList;ListItem;FAQPage;Question;LocalBusiness,ProfessionalService;WebSite;Service",LocalBusiness/Service,YES,smart/non-ascii chars: — | smart/non-ascii chars: –— | smart/non-ascii chars: – | priceRange present | '&' in text (want 'and') | no WebPage-type node | WebSite lacks @id
/seo/windsor,6,"BreadcrumbList;ListItem;FAQPage;Question;LocalBusiness,ProfessionalService;WebSite;Service",LocalBusiness/Service,YES,smart/non-ascii chars: — | smart/non-ascii chars: – | priceRange present | '&' in text (want 'and') | no WebPage-type node | WebSite lacks @id
/blog/electrician-website-design,6,"BlogPosting;BreadcrumbList;ListItem;FAQPage;Question;LocalBusiness,ProfessionalService;WebSite;Service",BlogPosting,YES,smart/non-ascii chars: — | priceRange present | '&' in text (want 'and') | no WebPage-type node | WebSite lacks @id
/blog/google-ads-budget-guide,6,"BlogPosting;BreadcrumbList;ListItem;FAQPage;Question;LocalBusiness,ProfessionalService;WebSite;Service",BlogPosting,YES,smart/non-ascii chars: — | priceRange present | '&' in text (want 'and') | no WebPage-type node | WebSite lacks @id
/blog/website-migration-seo-checklist,6,"BlogPosting;BreadcrumbList;ListItem;FAQPage;Question;LocalBusiness,ProfessionalService;WebSite;Service",BlogPosting,YES,smart/non-ascii chars: — | smart/non-ascii chars: – | priceRange present | '&' in text (want 'and') | no WebPage-type node | WebSite lacks @id
/blog/plumber-website-design,6,"BlogPosting;BreadcrumbList;ListItem;FAQPage;Question;LocalBusiness,ProfessionalService;WebSite;Service",BlogPosting,YES,smart/non-ascii chars: — | smart/non-ascii chars: –— | priceRange present | '&' in text (want 'and') | no WebPage-type node | WebSite lacks @id
/blog/seo-cost-canada,6,"BlogPosting;BreadcrumbList;ListItem;FAQPage;Question;LocalBusiness,ProfessionalService;WebSite;Service",BlogPosting,YES,smart/non-ascii chars: — | priceRange present | '&' in text (want 'and') | no WebPage-type node | WebSite lacks @id
/blog/website-redesign-without-losing-seo,6,"BlogPosting;BreadcrumbList;ListItem;FAQPage;Question;LocalBusiness,ProfessionalService;WebSite;Service",BlogPosting,YES,smart/non-ascii chars: — | smart/non-ascii chars: –— | priceRange present | '&' in text (want 'and') | no WebPage-type node | WebSite lacks @id
/blog/how-to-rank-in-the-google-map-pack,6,"BlogPosting;BreadcrumbList;ListItem;FAQPage;Question;LocalBusiness,ProfessionalService;WebSite;Service",BlogPosting,YES,smart/non-ascii chars: — | priceRange present | '&' in text (want 'and') | no WebPage-type node | WebSite lacks @id
/blog/realtor-website-design,6,"BlogPosting;BreadcrumbList;ListItem;FAQPage;Question;LocalBusiness,ProfessionalService;WebSite;Service",BlogPosting,YES,smart/non-ascii chars: — | priceRange present | '&' in text (want 'and') | no WebPage-type node | WebSite lacks @id
/blog/squarespace-vs-wordpress-for-canadian-businesses,6,"BlogPosting;BreadcrumbList;ListItem;FAQPage;Question;LocalBusiness,ProfessionalService;WebSite;Service",BlogPosting,YES,smart/non-ascii chars: — | priceRange present | '&' in text (want 'and') | no WebPage-type node | WebSite lacks @id
/blog/business-directories-canada,6,"BlogPosting;BreadcrumbList;ListItem;FAQPage;Question;LocalBusiness,ProfessionalService;WebSite;Service",BlogPosting,YES,smart/non-ascii chars: — | priceRange present | '&' in text (want 'and') | no WebPage-type node | WebSite lacks @id
/blog/construction-company-website-design,6,"BlogPosting;BreadcrumbList;ListItem;FAQPage;Question;LocalBusiness,ProfessionalService;WebSite;Service",BlogPosting,YES,smart/non-ascii chars: — | priceRange present | '&' in text (want 'and') | no WebPage-type node | WebSite lacks @id
/blog/wix-seo-setup-guide,6,"BlogPosting;BreadcrumbList;ListItem;FAQPage;Question;LocalBusiness,ProfessionalService;WebSite;Service",BlogPosting,YES,smart/non-ascii chars: — | priceRange present | '&' in text (want 'and') | no WebPage-type node | WebSite lacks @id
/blog/restaurant-web-design,6,"BlogPosting;BreadcrumbList;ListItem;FAQPage;Question;LocalBusiness,ProfessionalService;WebSite;Service",BlogPosting,YES,smart/non-ascii chars: — | priceRange present | '&' in text (want 'and') | no WebPage-type node | WebSite lacks @id
/blog/schema-markup-for-local-businesses,6,"BlogPosting;BreadcrumbList;ListItem;FAQPage;Question;LocalBusiness,ProfessionalService;WebSite;Service",BlogPosting,YES,smart/non-ascii chars: — | priceRange present | '&' in text (want 'and') | no WebPage-type node | WebSite lacks @id
/blog/shopify-seo-checklist,6,"BlogPosting;BreadcrumbList;ListItem;FAQPage;Question;LocalBusiness,ProfessionalService;WebSite;Service",BlogPosting,YES,smart/non-ascii chars: — | priceRange present | '&' in text (want 'and') | no WebPage-type node | WebSite lacks @id
/blog/lawyer-website-design,6,"BlogPosting;BreadcrumbList;ListItem;FAQPage;Question;LocalBusiness,ProfessionalService;WebSite;Service",BlogPosting,YES,smart/non-ascii chars: — | priceRange present | '&' in text (want 'and') | no WebPage-type node | WebSite lacks @id
/blog/local-seo-checklist-for-small-businesses,6,"BlogPosting;BreadcrumbList;ListItem;FAQPage;Question;LocalBusiness,ProfessionalService;WebSite;Service",BlogPosting,YES,smart/non-ascii chars: — | smart/non-ascii chars: –— | priceRange present | '&' in text (want 'and') | no WebPage-type node | WebSite lacks @id
/blog/wordpress-security-checklist,6,"BlogPosting;BreadcrumbList;ListItem;FAQPage;Question;LocalBusiness,ProfessionalService;WebSite;Service",BlogPosting,YES,smart/non-ascii chars: — | priceRange present | '&' in text (want 'and') | no WebPage-type node | WebSite lacks @id
/blog/how-to-get-more-google-reviews,6,"BlogPosting;BreadcrumbList;ListItem;FAQPage;Question;LocalBusiness,ProfessionalService;WebSite;Service",BlogPosting,YES,smart/non-ascii chars: — | priceRange present | '&' in text (want 'and') | no WebPage-type node | WebSite lacks @id
/blog/web-design-for-dentists,6,"BlogPosting;BreadcrumbList;ListItem;FAQPage;Question;LocalBusiness,ProfessionalService;WebSite;Service",BlogPosting,YES,smart/non-ascii chars: — | priceRange present | '&' in text (want 'and') | no WebPage-type node | WebSite lacks @id
/blog/wordpress-speed-optimization,6,"BlogPosting;BreadcrumbList;ListItem;FAQPage;Question;LocalBusiness,ProfessionalService;WebSite;Service",BlogPosting,YES,smart/non-ascii chars: — | priceRange present | '&' in text (want 'and') | no WebPage-type node | WebSite lacks @id
/blog/how-much-does-a-wordpress-website-cost,6,"BlogPosting;BreadcrumbList;ListItem;FAQPage;Question;LocalBusiness,ProfessionalService;WebSite;Service",BlogPosting,YES,smart/non-ascii chars: — | smart/non-ascii chars: –— | smart/non-ascii chars: – | priceRange present | '&' in text (want 'and') | no WebPage-type node | WebSite lacks @id
/blog/web-design-and-maintenance-services-in-toronto-gta,6,"BlogPosting;BreadcrumbList;ListItem;FAQPage;Question;LocalBusiness,ProfessionalService;WebSite;Service",BlogPosting,YES,'&' in text (want 'and') | smart/non-ascii chars: — | priceRange present | no WebPage-type node | WebSite lacks @id
/blog/website-design-near-me-finding-the-right-team-for-your-business,6,"BlogPosting;BreadcrumbList;ListItem;FAQPage;Question;LocalBusiness,ProfessionalService;WebSite;Service",BlogPosting,YES,'&' in text (want 'and') | smart/non-ascii chars: — | priceRange present | no WebPage-type node | WebSite lacks @id
/blog/best-web-design-companies-near-me-how-to-choose-the-right-one,6,"BlogPosting;BreadcrumbList;ListItem;FAQPage;Question;LocalBusiness,ProfessionalService;WebSite;Service",BlogPosting,YES,smart/non-ascii chars: — | priceRange present | '&' in text (want 'and') | no WebPage-type node | WebSite lacks @id
/blog/toronto-website-maintenance-seo-optimization-keeping-your-site-fast-secure-and-google-ready,5,"BlogPosting;BreadcrumbList;ListItem;LocalBusiness,ProfessionalService;WebSite;Service",BlogPosting,YES,'&' in text (want 'and') | smart/non-ascii chars: — | priceRange present | no WebPage-type node | WebSite lacks @id
/blog/search-engine-optimization-agency-toronto,6,"BlogPosting;BreadcrumbList;ListItem;FAQPage;Question;LocalBusiness,ProfessionalService;WebSite;Service",BlogPosting,YES,smart/non-ascii chars: — | smart/non-ascii chars: – | priceRange present | '&' in text (want 'and') | no WebPage-type node | WebSite lacks @id
/blog/5-essential-web-design-trends-from-canada-to-upgrade-your-website,5,"BlogPosting;BreadcrumbList;ListItem;LocalBusiness,ProfessionalService;WebSite;Service",BlogPosting,YES,smart/non-ascii chars: — | priceRange present | '&' in text (want 'and') | no WebPage-type node | WebSite lacks @id
/blog/how-to-optimise-your-canadian-website-for-local-search-and-customer-engagement,6,"BlogPosting;BreadcrumbList;ListItem;FAQPage;Question;LocalBusiness,ProfessionalService;WebSite;Service",BlogPosting,YES,smart/non-ascii chars: — | priceRange present | '&' in text (want 'and') | no WebPage-type node | WebSite lacks @id
/blog/your-partner-for-exceptional-canadian-website-design-in-toronto-gta,6,"BlogPosting;BreadcrumbList;ListItem;FAQPage;Question;LocalBusiness,ProfessionalService;WebSite;Service",BlogPosting,YES,'&' in text (want 'and') | smart/non-ascii chars: — | priceRange present | no WebPage-type node | WebSite lacks @id
/blog/website-maintenance-services-in-toronto-gta,6,"BlogPosting;BreadcrumbList;ListItem;FAQPage;Question;LocalBusiness,ProfessionalService;WebSite;Service",BlogPosting,YES,'&' in text (want 'and') | smart/non-ascii chars: — | priceRange present | no WebPage-type node | WebSite lacks @id
/blog/drive-growth-with-stunning-and-effective-toronto-web-design,6,"BlogPosting;BreadcrumbList;ListItem;FAQPage;Question;LocalBusiness,ProfessionalService;WebSite;Service",BlogPosting,YES,smart/non-ascii chars: — | priceRange present | '&' in text (want 'and') | no WebPage-type node | WebSite lacks @id
/blog/why-website-development-is-important,6,"BlogPosting;BreadcrumbList;ListItem;FAQPage;Question;LocalBusiness,ProfessionalService;WebSite;Service",BlogPosting,YES,smart/non-ascii chars: — | priceRange present | '&' in text (want 'and') | no WebPage-type node | WebSite lacks @id
/blog/your-guide-to-choosing-a-web-design-company-in-toronto-and-the-gta,6,"BlogPosting;BreadcrumbList;ListItem;FAQPage;Question;LocalBusiness,ProfessionalService;WebSite;Service",BlogPosting,YES,'&' in text (want 'and') | smart/non-ascii chars: — | priceRange present | no WebPage-type node | WebSite lacks @id
/blog/toronto-website-designers-avoiding-costly-pitfalls-in-a-digital-maze,6,"BlogPosting;BreadcrumbList;ListItem;FAQPage;Question;LocalBusiness,ProfessionalService;WebSite;Service",BlogPosting,YES,smart/non-ascii chars: — | priceRange present | '&' in text (want 'and') | no WebPage-type node | WebSite lacks @id
/blog/web-development-and-hosting-tips-and-guides,6,"BlogPosting;BreadcrumbList;ListItem;FAQPage;Question;LocalBusiness,ProfessionalService;WebSite;Service",BlogPosting,YES,smart/non-ascii chars: — | '&' in text (want 'and') | priceRange present | no WebPage-type node | WebSite lacks @id
/blog/custom-web-design-canada-tips-and-guides,6,"BlogPosting;BreadcrumbList;ListItem;FAQPage;Question;LocalBusiness,ProfessionalService;WebSite;Service",BlogPosting,YES,smart/non-ascii chars: — | priceRange present | '&' in text (want 'and') | no WebPage-type node | WebSite lacks @id
/blog/website-developers-near-me-for-your-business,6,"BlogPosting;BreadcrumbList;ListItem;FAQPage;Question;LocalBusiness,ProfessionalService;WebSite;Service",BlogPosting,YES,smart/non-ascii chars: — | priceRange present | '&' in text (want 'and') | no WebPage-type node | WebSite lacks @id
/blog/choose-a-web-design-company-for-your-business,6,"BlogPosting;BreadcrumbList;ListItem;FAQPage;Question;LocalBusiness,ProfessionalService;WebSite;Service",BlogPosting,YES,smart/non-ascii chars: — | priceRange present | '&' in text (want 'and') | no WebPage-type node | WebSite lacks @id
/blog/why-canadian-web-designs-is-the-go-to-web-design-company-for-your-digital-success,5,"BlogPosting;BreadcrumbList;ListItem;LocalBusiness,ProfessionalService;WebSite;Service",BlogPosting,YES,smart/non-ascii chars: — | priceRange present | '&' in text (want 'and') | no WebPage-type node | WebSite lacks @id
/blog/ultimate-guide-to-the-best-website-builders,6,"BlogPosting;BreadcrumbList;ListItem;FAQPage;Question;LocalBusiness,ProfessionalService;WebSite;Service",BlogPosting,YES,smart/non-ascii chars: — | priceRange present | '&' in text (want 'and') | no WebPage-type node | WebSite lacks @id
/blog/canadian-web-designs-your-local-website-design-experts,6,"BlogPosting;BreadcrumbList;ListItem;FAQPage;Question;LocalBusiness,ProfessionalService;WebSite;Service",BlogPosting,YES,smart/non-ascii chars: — | priceRange present | '&' in text (want 'and') | no WebPage-type node | WebSite lacks @id
/blog/10-reasons-to-choose-wordpress-as-your-cms,6,"BlogPosting;BreadcrumbList;ListItem;FAQPage;Question;LocalBusiness,ProfessionalService;WebSite;Service",BlogPosting,YES,smart/non-ascii chars: — | priceRange present | '&' in text (want 'and') | no WebPage-type node | WebSite lacks @id
/blog/google-ads-management,6,"BlogPosting;BreadcrumbList;ListItem;FAQPage;Question;LocalBusiness,ProfessionalService;WebSite;Service",BlogPosting,YES,smart/non-ascii chars: — | priceRange present | '&' in text (want 'and') | no WebPage-type node | WebSite lacks @id
/blog/black-hat-seo-vs-white-hat-seo,6,"BlogPosting;BreadcrumbList;ListItem;FAQPage;Question;LocalBusiness,ProfessionalService;WebSite;Service",BlogPosting,YES,smart/non-ascii chars: — | priceRange present | '&' in text (want 'and') | no WebPage-type node | WebSite lacks @id
/blog/infographics,6,"BlogPosting;BreadcrumbList;ListItem;FAQPage;Question;LocalBusiness,ProfessionalService;WebSite;Service",BlogPosting,YES,smart/non-ascii chars: — | priceRange present | '&' in text (want 'and') | no WebPage-type node | WebSite lacks @id
/blog/what-is-a-landing-page,6,"BlogPosting;BreadcrumbList;ListItem;FAQPage;Question;LocalBusiness,ProfessionalService;WebSite;Service",BlogPosting,YES,smart/non-ascii chars: — | priceRange present | '&' in text (want 'and') | no WebPage-type node | WebSite lacks @id
/blog/10-fun-facts-about-the-digital-history,6,"BlogPosting;BreadcrumbList;ListItem;FAQPage;Question;LocalBusiness,ProfessionalService;WebSite;Service",BlogPosting,YES,smart/non-ascii chars: — | priceRange present | '&' in text (want 'and') | no WebPage-type node | WebSite lacks @id
/blog/elevating-your-brand-the-essential-role-of-canadian-graphic-design,6,"BlogPosting;BreadcrumbList;ListItem;FAQPage;Question;LocalBusiness,ProfessionalService;WebSite;Service",BlogPosting,YES,smart/non-ascii chars: — | priceRange present | '&' in text (want 'and') | no WebPage-type node | WebSite lacks @id
/blog/google-voice-search,6,"BlogPosting;BreadcrumbList;ListItem;FAQPage;Question;LocalBusiness,ProfessionalService;WebSite;Service",BlogPosting,YES,smart/non-ascii chars: — | priceRange present | '&' in text (want 'and') | no WebPage-type node | WebSite lacks @id
/blog/guide-to-ecommerce-website-design-best-practices-in-2023,5,"BlogPosting;BreadcrumbList;ListItem;LocalBusiness,ProfessionalService;WebSite;Service",BlogPosting,YES,smart/non-ascii chars: — | priceRange present | '&' in text (want 'and') | no WebPage-type node | WebSite lacks @id
/blog/how-do-i-create-a-wordpress-website,6,"BlogPosting;BreadcrumbList;ListItem;FAQPage;Question;LocalBusiness,ProfessionalService;WebSite;Service",BlogPosting,YES,smart/non-ascii chars: — | priceRange present | '&' in text (want 'and') | no WebPage-type node | WebSite lacks @id
/blog/how-does-local-seo-benefit-your-business-in-2023,5,"BlogPosting;BreadcrumbList;ListItem;LocalBusiness,ProfessionalService;WebSite;Service",BlogPosting,YES,smart/non-ascii chars: — | priceRange present | '&' in text (want 'and') | no WebPage-type node | WebSite lacks @id
/blog/how-much-does-website-maintenance-really-cost,6,"BlogPosting;BreadcrumbList;ListItem;FAQPage;Question;LocalBusiness,ProfessionalService;WebSite;Service",BlogPosting,YES,smart/non-ascii chars: — | smart/non-ascii chars: – | priceRange present | '&' in text (want 'and') | no WebPage-type node | WebSite lacks @id
/blog/how-to-migrate-from-shopify-to-woocommerce,6,"BlogPosting;BreadcrumbList;ListItem;FAQPage;Question;LocalBusiness,ProfessionalService;WebSite;Service",BlogPosting,YES,smart/non-ascii chars: — | priceRange present | '&' in text (want 'and') | no WebPage-type node | WebSite lacks @id
/blog/kijiji-ads-marketing-strategy-for-local-businesses,6,"BlogPosting;BreadcrumbList;ListItem;FAQPage;Question;LocalBusiness,ProfessionalService;WebSite;Service",BlogPosting,YES,smart/non-ascii chars: — | priceRange present | '&' in text (want 'and') | no WebPage-type node | WebSite lacks @id
/blog/local-seo-and-gmb-optimization,6,"BlogPosting;BreadcrumbList;ListItem;FAQPage;Question;LocalBusiness,ProfessionalService;WebSite;Service",BlogPosting,YES,smart/non-ascii chars: — | priceRange present | '&' in text (want 'and') | no WebPage-type node | WebSite lacks @id
/blog/marketing-automation-software-overview,6,"BlogPosting;BreadcrumbList;ListItem;FAQPage;Question;LocalBusiness,ProfessionalService;WebSite;Service",BlogPosting,YES,smart/non-ascii chars: — | priceRange present | '&' in text (want 'and') | no WebPage-type node | WebSite lacks @id
/blog/minimalist-website-design,6,"BlogPosting;BreadcrumbList;ListItem;FAQPage;Question;LocalBusiness,ProfessionalService;WebSite;Service",BlogPosting,YES,smart/non-ascii chars: — | priceRange present | '&' in text (want 'and') | no WebPage-type node | WebSite lacks @id
/blog/progressive-web-apps,5,"BlogPosting;BreadcrumbList;ListItem;LocalBusiness,ProfessionalService;WebSite;Service",BlogPosting,YES,smart/non-ascii chars: — | priceRange present | '&' in text (want 'and') | no WebPage-type node | WebSite lacks @id
/blog/responsive-web-design-how-to-overcome-9-common-mistakes,5,"BlogPosting;BreadcrumbList;ListItem;LocalBusiness,ProfessionalService;WebSite;Service",BlogPosting,YES,smart/non-ascii chars: — | priceRange present | '&' in text (want 'and') | no WebPage-type node | WebSite lacks @id
/blog/social-proof-marketing-in-social-media,6,"BlogPosting;BreadcrumbList;ListItem;FAQPage;Question;LocalBusiness,ProfessionalService;WebSite;Service",BlogPosting,YES,smart/non-ascii chars: — | priceRange present | '&' in text (want 'and') | no WebPage-type node | WebSite lacks @id
/blog/top-10-implementations-for-creating-seo-friendly-urls,6,"BlogPosting;BreadcrumbList;ListItem;FAQPage;Question;LocalBusiness,ProfessionalService;WebSite;Service",BlogPosting,YES,smart/non-ascii chars: — | priceRange present | '&' in text (want 'and') | no WebPage-type node | WebSite lacks @id
/blog/top-10-tips-for-boosting-seo-for-2023,5,"BlogPosting;BreadcrumbList;ListItem;LocalBusiness,ProfessionalService;WebSite;Service",BlogPosting,YES,priceRange present | smart/non-ascii chars: — | '&' in text (want 'and') | no WebPage-type node | WebSite lacks @id
/blog/top-web-design-tools-for-designers-2023,6,"BlogPosting;BreadcrumbList;ListItem;FAQPage;Question;LocalBusiness,ProfessionalService;WebSite;Service",BlogPosting,YES,smart/non-ascii chars: — | priceRange present | '&' in text (want 'and') | no WebPage-type node | WebSite lacks @id
/blog/what-is-flat-design,6,"BlogPosting;BreadcrumbList;ListItem;FAQPage;Question;LocalBusiness,ProfessionalService;WebSite;Service",BlogPosting,YES,'&' in text (want 'and') | smart/non-ascii chars: — | priceRange present | no WebPage-type node | WebSite lacks @id
/blog/best-menu-design-service,6,"BlogPosting;BreadcrumbList;ListItem;FAQPage;Question;LocalBusiness,ProfessionalService;WebSite;Service",BlogPosting,YES,smart/non-ascii chars: — | priceRange present | '&' in text (want 'and') | no WebPage-type node | WebSite lacks @id
/blog/best-photo-editing-services,6,"BlogPosting;BreadcrumbList;ListItem;FAQPage;Question;LocalBusiness,ProfessionalService;WebSite;Service",BlogPosting,YES,smart/non-ascii chars: — | '&' in text (want 'and') | priceRange present | no WebPage-type node | WebSite lacks @id
/blog/best-print-advertisement-design-services,5,"BlogPosting;BreadcrumbList;ListItem;LocalBusiness,ProfessionalService;WebSite;Service",BlogPosting,YES,priceRange present | smart/non-ascii chars: — | '&' in text (want 'and') | no WebPage-type node | WebSite lacks @id
/blog/best-web-design-canada,6,"BlogPosting;BreadcrumbList;ListItem;FAQPage;Question;LocalBusiness,ProfessionalService;WebSite;Service",BlogPosting,YES,smart/non-ascii chars: — | priceRange present | '&' in text (want 'and') | no WebPage-type node | WebSite lacks @id
/blog/on-page-optimization,6,"BlogPosting;BreadcrumbList;ListItem;FAQPage;Question;LocalBusiness,ProfessionalService;WebSite;Service",BlogPosting,YES,smart/non-ascii chars: — | priceRange present | '&' in text (want 'and') | no WebPage-type node | WebSite lacks @id
/blog/why-busines-needs-website,6,"BlogPosting;BreadcrumbList;ListItem;FAQPage;Question;LocalBusiness,ProfessionalService;WebSite;Service",BlogPosting,YES,smart/non-ascii chars: — | priceRange present | '&' in text (want 'and') | no WebPage-type node | WebSite lacks @id
/blog/the-ultimate-guide-to-creating-a-successful-squarespace-website,5,"BlogPosting;BreadcrumbList;ListItem;LocalBusiness,ProfessionalService;WebSite;Service",BlogPosting,YES,smart/non-ascii chars: — | priceRange present | '&' in text (want 'and') | no WebPage-type node | WebSite lacks @id
/blog/top-10-ai-tools-for-digital-marketing,6,"BlogPosting;BreadcrumbList;ListItem;FAQPage;Question;LocalBusiness,ProfessionalService;WebSite;Service",BlogPosting,YES,smart/non-ascii chars: — | priceRange present | '&' in text (want 'and') | no WebPage-type node | WebSite lacks @id
